GROUP,PACKAGE,CLASS,INSTRUCTION_MISSED,INSTRUCTION_COVERED,BRANCH_MISSED,BRANCH_COVERED,LINE_MISSED,LINE_COVERED,COMPLEXITY_MISSED,COMPLEXITY_COVERED,METHOD_MISSED,METHOD_COVERED
personal-finance-manager,com.syfe.financemanager.controller,TransactionController,0,68,0,0,0,16,0,5,0,5
personal-finance-manager,com.syfe.financemanager.controller,ReportController,0,36,0,0,0,10,0,3,0,3
personal-finance-manager,com.syfe.financemanager.controller,SavingsGoalController,0,76,0,0,0,19,0,6,0,6
personal-finance-manager,com.syfe.financemanager.controller,CategoryController,0,47,0,0,0,12,0,4,0,4
personal-finance-manager,com.syfe.financemanager.controller,AuthController,0,35,0,0,0,9,0,4,0,4
personal-finance-manager,com.syfe.financemanager.service,ReportServiceImpl,10,192,1,11,2,50,1,8,0,3
personal-finance-manager,com.syfe.financemanager.service,AuthServiceImpl,6,158,3,7,0,47,4,7,1,5
personal-finance-manager,com.syfe.financemanager.service,TransactionServiceImpl,43,252,15,19,3,54,17,15,3,12
personal-finance-manager,com.syfe.financemanager.service,CategoryServiceImpl,0,128,1,7,0,37,1,9,0,6
personal-finance-manager,com.syfe.financemanager.service,SavingsGoalServiceImpl,86,262,14,18,13,67,14,15,4,9
personal-finance-manager,com.syfe.financemanager.common,ForbiddenException,0,4,0,0,0,2,0,1,0,1
personal-finance-manager,com.syfe.financemanager.common,GlobalExceptionHandler,109,76,3,3,12,17,12,5,10,4
personal-finance-manager,com.syfe.financemanager.common,ExactDecimalSerializer,3,13,1,1,1,4,1,2,0,2
personal-finance-manager,com.syfe.financemanager.common,ConflictException,0,4,0,0,0,2,0,1,0,1
personal-finance-manager,com.syfe.financemanager.common,BadRequestException,0,4,0,0,0,2,0,1,0,1
personal-finance-manager,com.syfe.financemanager.common,ResourceNotFoundException,0,4,0,0,0,2,0,1,0,1
personal-finance-manager,com.syfe.financemanager.common,MonetaryAmountSerializer,7,17,2,2,2,5,2,2,0,2
personal-finance-manager,com.syfe.financemanager.entity,TransactionType,0,15,0,0,0,3,0,1,0,1
personal-finance-manager,com.syfe.financemanager.entity,Transaction,7,0,2,0,3,0,2,0,1,0
personal-finance-manager,com.syfe.financemanager.entity,User,7,0,2,0,3,0,2,0,1,0
personal-finance-manager,com.syfe.financemanager.entity,SavingsGoal,7,0,2,0,3,0,2,0,1,0
personal-finance-manager,com.syfe.financemanager.dto.category,CategoryResponse,12,12,0,0,6,4,3,4,3,4
personal-finance-manager,com.syfe.financemanager.config,CustomAuthenticationEntryPoint,0,34,0,0,0,14,0,2,0,2
personal-finance-manager,com.syfe.financemanager.config,SecurityConfig,25,118,0,0,5,23,3,11,3,11
personal-finance-manager,com.syfe.financemanager.config,DataInitializer,0,83,1,3,0,17,1,4,0,3
personal-finance-manager,com.syfe.financemanager.config,CustomAccessDeniedHandler,28,6,0,0,11,3,1,1,1,1
personal-finance-manager,com.syfe.financemanager.config,OpenApiConfig,0,33,0,0,0,10,0,2,0,2
personal-finance-manager,com.syfe.financemanager.config,DataInitializer.DefaultCategoryDef,0,9,0,0,0,1,0,1,0,1
personal-finance-manager,com.syfe.financemanager,PersonalFinanceManagerApplication,5,3,0,0,2,1,1,1,1,1
